Date,Module,T,P,S,F,I,KI,, ,Date,Module,T,P,S,F,I,KI
16-June-2025,auth,512,493,0,15,4,0,,,13-June-2025,auth,512,492,0,16,4,0
16-June-2025,idrepo,410,304,1,21,84,0,,,13-June-2025,idrepo,410,304,1,21,84,0
16-June-2025,mimoto,176,135,3,5,33,0,,,13-June-2025,masterdata-khm,937,805,1,131,0,0
16-June-2025,partner,509,492,0,5,0,12,,,13-June-2025,masterdata-tam,937,896,1,40,0,0
,,,,,,,,,,13-June-2025,masterdata-hin,937,896,1,40,0,0
,,,,,,,,,,13-June-2025,masterdata-kan,937,896,1,40,0,0
,,,,,,,,,,13-June-2025,masterdata-fra,937,914,1,22,0,0
,,,,,,,,,,13-June-2025,masterdata-ara,937,896,1,40,0,0
,,,,,,,,,,13-June-2025,masterdata-eng,937,920,1,16,0,0
,,,,,,,,,,13-June-2025,mimoto,176,126,9,8,33,0
,,,,,,,,,,13-June-2025,partner,509,492,0,5,0,12
,,,,,,,,,,13-June-2025,prereg,283,211,4,68,0,0
,,,,,,,,,,13-June-2025,resident,1138,574,77,487,0,0
